Driver,PredictedPosition
NOR,3.3833333333333346
VER,3.8185714285714325
LEC,3.8850000000000016
PIA,4.736904761904764
HAM,5.669761904761906
RUS,5.991190476190477
SAI,6.930952380952386
ANT,7.391904761904764
BEA,7.53857142857143
LAW,7.665714285714286
HAD,8.217142857142843
BOR,8.22690476190475
GAS,8.29404761904762
COL,8.684761904761887
LIN,9.627857142857112
OCO,9.704761904761893
ALO,10.301428571428572
ALB,11.25880952380952
HUL,11.957619047619021
STR,14.375238095238094
BOT,14.553333333333331
